razao,endereco,bairro,cidade,endereço,longitude,latitude
POSTO ABRIL DAS AMERICAS LTDA,"AVENIDA DAS AMERICAS, 670",Centro,Betim,"Av. das Américas, 670 - Centro, Betim - MG, 32600-160, Brazil",-44.191826,-19.9711388
POSTO VILA FERNAO DIAS LTDA,"RODOVIA BR-381 FERNAO DIAS, S/N KM: 487;",Jardim Teresopolis,Betim,"Rodovia Fernão Dias BR 381 s/n - KM 487 - Dentro Do Posto Ipiranga Vila Fernão Dias - Jardim Teresopolis, Betim - MG, 32560-460, Brazil",-44.1160495,-19.9549519
POSTO TURIM LTDA,"RODOVIA BR 381, S/N KM 424,1",Jardim Piemonte,Betim,"Rod Br 381 Fernao Dias - Sn, Km 482 - Dom I. Jardim Piemonte / Sul, Betim - MG, 32689-898, Brazil",-44.0718238,-19.9602094
REDE DOM PEDRO DE POSTOS LTDA.,"RODOVIA BR-381 FERNAO DIAS, S/N KM 496",Brasileia,Betim,"Rod. Fernão Dias, 381 - S/N - Filadélfia, Betim - MG, 32670-138, Brazil",-44.1830349,-19.9701606
POSTO VILA AMARAL LTDA,"AVENIDA EDMEIA MATTOS LAZZAROTTI, 1100",Centro,Betim,"Av. Edmeia Matos Lazzarotti, 1100 - Centro, Betim - MG, 32600-004, Brazil",-44.2036168,-19.9663411
POSTO ALTEROSA LTDA.,"AVENIDA CAMPO DE OURIQUE, 1265",Jardim Alterosa,Betim,"Av. Campo de Ourique, 1265 - Jardim Alterosa, Betim - MG, 32670-738, Brazil",-44.1577384,-19.949378
POSTO CIDADE NOVA LIMITADA,"AVENIDA JUIZ MARCO TULIO ISAAC, 330",Centro,Betim,"Av. Juiz Marco Túlio Isaac, 330 - Parque das Industrias, Betim - MG, 32550-770, Brazil",-44.196714,-19.9646537
POSTO ALTEROSA LTDA.,"AVENIDA JUIZ MARCO TULIO ISAAC, 4200",Jardim da Cidade,Betim,"Av. Juiz Marco Túlio Isaac, 4200 - Parque das Industrias, Betim - MG, 32550-770, Brazil",-44.1771921,-19.9618675
POSTO BARRA SETE LTDA.,"RODOVIA BR-381 FERNAO DIAS, 000 KM: 485,2;",Santo Antonio,Betim,"Rod. Fernão Dias, 381 - 485 - Distrito Industrial Paulo Camilo Sul, Betim - MG, 32684, Brazil",-44.11258309999999,-19.9557068
AUTO POSTO HALLAS LTDA,"RODOVIA BR-381 FERNAO DIAS, S/N KM484",Distrito Industrial Jardim Piemont Norte,Betim,"BR-381, KM 484, Nº 1050 - Dom I. Jardim Piemonte / Norte, Betim - MG, 32669-895, Brazil",-44.07402630000001,-19.958671
POSTO GAS STATION LTDA,"RUA INCONFIDENCIA, 111",Centro,Betim,"R. Inconfidência, 111 - Centro, Betim - MG, 32600-100, Brazil",-44.1932353,-19.965911
POSTO JR DE BETIM LTDA,"AVENIDA JUIZ MARCO TULIO ISAAC, 5605",Jd das Alterosas,Betim,"Av. Juiz Marco Túlio Isaac, 5605 - Jardim Alterosa, Betim - MG, 32671-305, Brazil",-44.1605737,-19.9431285
MILLENIUM-COMERCIO DE DERIVADOS DE PETROLEO LTDA,"RUA TOMAZ DE ANDRADE, 85",Industrial-3 Secao,Contagem,"Rua Tomás de Andrade, 85 - Riacho das Pedras, Contagem - MG, 32223-000, Brazil",-44.031156,-19.964296
POSTO NOVA CONTAGEM LTDA,"RUA TIRADENTES, 1941",Industrial Santa Rita,Contagem,"R. Tiradentes, 1941 - Industrial, Contagem - MG, 32230-020, Brazil",-44.0398749,-19.9719829
POSTO VIDAGO LTDA,"RUA TIRADENTES, 1530",Industrial,Contagem,"R. Tiradentes, 1530 - Industrial, Contagem - MG, 32235-250, Brazil",-44.04196810000001,-19.9745178
POSTO VILA GAROTO LTDA,"AVENIDA JUSCELINO KUBSTCHEK, 651",Industrial,Contagem,"Av. Juscelino Kubitscheck, 651 - Industrial, Contagem - MG, 32230-090, Brazil",-44.0319305,-19.9711962
POSTO VILA MARIA DIAS LTDA,"AVENIDA BABITA CAMARGOS, 1330",Cidade Industrial,Contagem,"Av. Babita Camargos, 1330 - Cidade Industrial, Contagem - MG, 32210-180, Brazil",-44.02558399999999,-19.952137
POSTO TEREZA CRISTINA LTDA,"RUA HUM, 34",Jardim Emaus,Contagem,"R. Um, 34 - Jardim Riacho das Pedras, Contagem - MG, 32250-000, Brazil",-44.0663967,-19.9649069
CCA COMERCIAL DE COMBUSTIVEIS AUTOMOTIVOS LTDA,"AVENIDA CORONEL JOVE SOARES NOGUEIRA, 300",Inconfidentes,Contagem,"Av. Cel. Jove Soares Nogueira, 300 - Inconfidentes, Contagem - MG, 32260-470, Brazil",-44.0365944,-19.9593541
GLAMA COMBUSTIVEIS & NEGOCIOS LTDA,"AVENIDA ALVARENGA PEIXOTO, 75",Inconfidentes,Contagem,"Av. Alvarenga Peixoto, 75 - Amazonas, Contagem - MG, 32223-450, Brazil",-44.0368175,-19.9614132
POSTO OKLAHOMA LTDA,"RUA TIRADENTES, 1904",Industrial Sta Rita,Contagem,"Av. Tito Fulgêncio, 1045 - Jardim Industrial, Contagem - MG, 32215-000, Brazil",-44.0148112,-19.9658792
BRESCIA COMERCIO DE COMBUSTIVEIS LTDA,"RODOVIA BR 381, 931 KM 800",Amazonas,Contagem,"Rod. Fernão Dias, 931 - Dom I. Jardim Piemonte / Norte, Betim - MG, 32689, Brazil",-44.07506670000001,-19.9586481
POSTO JARDIM INDUSTRIAL LTDA,"AVENIDA TITO FULGENCIO, 401",Jardim Industrial,Contagem,"Av. Tito Fulgêncio, 401 - Jardim Industrial, Contagem - MG, 32215, Brazil",-44.0159738,-19.9616422
POSTO TROVAO LTDA,"AVENIDA TITO FULGENCIO, 1189",Jardim Industrial,Contagem,"Av. Tito Fulgêncio, 1189 - Jardim Industrial, Contagem - MG, 32180-000, Brazil",-44.01437,-19.967091
POSTO QUATRO RODAS LTDA,"AVENIDA TITO FULGENCIO, 950",Jardim Industrial,Contagem,"Av. Tito Fulgêncio, 950 - Jardim Industrial, Contagem - MG, 32215, Brazil",-44.0157677,-19.9650431
WMS SUPERMERCADOS DO BRASIL LTDA.,"AVENIDA GENERAL DAVID SARNOFF, 5350 ANEXO: SUPERCENTER;",Cidade Industrial,Contagem,"Av. General David Sarnoff, 5350 - Cidade Industrial, Contagem - MG, 32210-110, Brazil",-44.0245922,-19.9478928
POSTO PAULISTA LTDA,"RODOVIA BR 381, 3300 KM 0600",Inconfidentes,Contagem,"BR-381, 3300 - Inconfidentes, Contagem - MG, 32260-530, Brazil",-44.0437092,-19.9640055
POSTO OLEGARIO MACIEL LTDA,"AVENIDA CORONEL BENJAMIM GUIMARAES, 2288",Distrito Industrial,Contagem,"Av. Coronel Benjamim Guimarães, 2288 - Industrial, Contagem - MG, 32235-000, Brazil",-44.0269247,-19.9661522
POSTO DE COMBUSTIVEL VIA LTDA,"AVENIDA TEREZA CRISTINA, 2796",Jardim Industrial,Contagem,"Av. Tereza Cristina, 2796 - Jardim Industrial, Contagem - MG, 32215-150, Brazil",-44.0155175,-19.9703303
POSTO BALNEARIO LTDA,"AVENIDA ABILIO MACHADO, 4519",Vila Perola,Contagem,"Av. Abílio Machado, 4519 - Ressaca, Contagem - MG, 32110-010, Brazil",-44.0181737,-19.8865526
CENTRO AUTOMOTIVO DEL-REY LTDA,"AVENIDA SEVERINO BALLESTEROS RODRIGUES, 900",Ressaca,Contagem,"Av. Severino Ballesteros, 900 - LJ 05 - Ressaca, Contagem - MG, 32110-005, Brazil",-44.026799,-19.874308
POSTO SUPREMO LTDA,"AVENIDA PRINCESA IZABEL, 320",Parque Recreio,Contagem,"Av. Princesa Isabel, 320 - Parque Recreio, Contagem - MG, 32110-380, Brazil",-44.0209915,-19.8822554
POSTO DO BETO LTDA,"AVENIDA DAS AMERICAS, 894",Kenedy,Contagem,"Av. das Américas, 894 - Kennedy, Contagem - MG, 32145-000, Brazil",-44.045791,-19.886985
POSTO AGUA BRANCA DERIVADOS DE PETROLEO LTDA - ME,"RUA HIBISCO, 65",Chacara Boa Vista,Contagem,"R. Hibisco, 65 - Chácara Boa Vista, Contagem - MG, 32150-210, Brazil",-44.0549903,-19.8925817
POSTO LUIZA LTDA,"RODOVIA BR-040, 318 KM 522 E KM 318",Morada Nova,Contagem,"BR-040, 318 - Duarte Silveira, Petrópolis - RJ, 25725-630, Brazil",-43.22523899999999,-22.496607
POSTO LOURA EMPREENDIMENTOS LTDA,"AVENIDA JOAO SOARES, 1024",Parque Xangri La,Contagem,"Av. João Soares, 1024 - Xangri-La, Contagem - MG, Brazil",-44.0183812,-19.8427336
RODRIGUES SILVA DERIVADOS DE PETRÓLEO LTDA,"RUA SANTA MARIA, 43",Pedra Azul,Contagem,"R. Santa Maria, 43 - Pedra Azul, Contagem - MG, 32183-180, Brazil",-44.0395912,-19.8596341
POSTO FAISCA LTDA.,"AVENIDA JOAO SOARES, 564",Xangri-la,Contagem,"Av. João Soares, 564 - Xangri-La, Contagem - MG, 32186-000, Brazil",-44.0199078,-19.8390853
POSTO JC LTDA - EPP,"AV. PRINCESA ISABEL, 682",Parque Recreio,Contagem,"Av. Princesa Isabel, 682 - Parque Recreio, Contagem - MG, 32110-000, Brazil",-44.0193783,-19.8854587
CARVALHO ENGENHARIA LTDA,"AVENIDA CEMIG, 500",Nacional,Contagem,"Av. Cemig, 500 - Xangri-La, Contagem - MG, 32150-340, Brazil",-44.0211034,-19.848551
CARVALHO ENGENHARIA LTDA,"AVENIDA SEVERINO BALLESTEROS RODRIGUES, 1111",Fazenda do Confisco,Contagem,"Av. Severino Ballesteros, Contagem - MG, Brazil",-44.0379233,-19.887307
LB COMERCIO DE PETROLEO EIRELI,"RODOVIA BR-040, SN KM 08",Morada Nova,Contagem,"Rodovia BR 040 km 08 s/n - Morada Nova, Contagem - MG, 32145-480, Brazil",-44.0547941,-19.8731162
WJE COMBUSTIVEIS LTDA,"RODOVIA BR-040, S/N KM 526.7",Vila Paris,Contagem,"BR-040 - Vila Paris, Contagem - MG, Brazil",-44.023568,-19.921178
EMPREENDIMENTOS BRITO LIMA LTDA,"AVENIDA SEVERINO BALLESTEROS, 256",Guanabara,Contagem,"Av. Severino Ballesteros, 256 - Ressaca, Contagem - MG, 32110-005, Brazil",-44.0207567,-19.8734203
MERCANTIL LAGUNA LTDA,"AVENIDA FERNAO DIAS, 603",Jardim Laguna,Contagem,"Av. Fernão Dias, 603 - Jardim Laguna, Contagem - MG, 32140-310, Brazil",-44.0339768,-19.8944725
POSTO FELIPE LTDA,"RUA RODRIGUES DA CUNHA, 611",Balneário da Ressaca,Contagem,"R. Rodrigues da Cunha, 611 - Ressaca, Contagem - MG, 32113-340, Brazil",-44.0286367,-19.8841793
ALMADA & CIA LIMITADA,"RUA JACUI, 4040",Ipiranga,Belo Horizonte,"R. Jacuí, 4040 - Ipiranga, Belo Horizonte - MG, 31160-390, Brazil",-43.9295015,-19.8782271
POSTO FLORAMAR LTDA,"AVENIDA CRISTIANO MACHADO, 10130",Floramar,Belo Horizonte,"Av. Cristiano Machado, 10130 - Floramar, Belo Horizonte - MG, 31765-000, Brazil",-43.9387903,-19.837291
POSTO SALAZAR LTDA,"RUA MINISTROOLIVEIRA SALAZAR, 770",Santa Monica,Belo Horizonte,"R. Min. Oliveira Salazar, 770 - Santa Monica, Belo Horizonte - MG, 31525-000, Brazil",-43.9727656,-19.8211417
AUTO POSTO MACPETRO LTDA,"RUA DOUTOR ALVARO CAMARGOS, 2216",Santa Monica,Belo Horizonte,"Rua Dr. Álvaro Camargos, 2216 - Santa Monica, Belo Horizonte - MG, 31515-000, Brazil",-43.9688247,-19.8270802
COMERCIAL DE PETROLEO VILARINHO LTDA,"AVENIDA VILARINHO, 1691",Venda Nova,Belo Horizonte,"Av. Vilarinho, 1691 - Venda Nova, Belo Horizonte - MG, 31615-250, Brazil",-43.9571443,-19.8139993
DGET COMBUSTIVEIS EIRELI,"RUA DOS ASTECAS, 2930",Santa Monica,Belo Horizonte,"R. dos Astecas, 2930 - Santa Monica, Belo Horizonte - MG, 31530-300, Brazil",-43.9793432,-19.8299338
AUTO POSTO VALE LTDA,"AVENIDA VILARINHO, 1146",Venda Nova,Belo Horizonte,"Av. Vilarinho, 1146 - Venda Nova, Belo Horizonte - MG, 31610-070, Brazil",-43.9530213,-19.8170585
AUTO POSTO RIO BRANCO LTDA,"AVENIDA BERNARDA SILVESTRE, 115",Rio Brancoi,Belo Horizonte,"Av. Bernarda Silvestre, 115 - Rio Branco, Belo Horizonte - MG, 31535-210, Brazil",-43.98318,-19.816404
POSTO GABI LTDA,"AVENIDA VILARINHO, 2300",Venda Nova,Belo Horizonte,"Av. Vilarinho, 2300 - São Pedro Venda Nova, Belo Horizonte - MG, 31615-250, Brazil",-43.9613899,-19.8118494
POSTO CENTER NORTE LTDA,"AVENIDA VILARINHO, 5360",Venda Nova,Belo Horizonte,"Av. Vilarinho, 5360 - Mantiqueira, Belo Horizonte - MG, 31615-250, Brazil",-43.9827714,-19.8028279
POSTO ANTUNES LTDA,"AVENIDA PORTUGAL, 2603",Santa Amelia,Belo Horizonte,"Av. Portugal, 2603 - Santa Amelia, Belo Horizonte - MG, 31560-000, Brazil",-43.9721677,-19.8454045
POSTO CHAVES LTDA,"AVENIDA PORTUGAL, 2061",Santa Amelia,Belo Horizonte,"Av. Portugal, 2061 - Santa Amelia, Belo Horizonte - MG, 31555-000, Brazil",-43.9782228,-19.8458024
POSTO TUNEL LTDA,"AVENIDA CRISTIANO MACHADO, 71",Floresta,Belo Horizonte,"Av. Cristiano Machado, 71 - Colégio Batista, Belo Horizonte - MG, 31110-235, Brazil",-43.9369912,-19.9051393
POSTO ARAUJO COMERCIO E DISTRIBUICAO DE COMBUSTIVEIS E LUBRIFICANTES LTDA.,"AVENIDA AMERICO VESPUCIO, 809",Aparecida,Belo Horizonte,"Av. Américo Vespúcio, 809 - Parque Riachuelo, Belo Horizonte - MG, 31230-240, Brazil",-43.95731,-19.8915
ORGANIZACOES GUALBERTO LTDA - EPP,"RUA MARIA GERTRUDES SANTOS, 293",Ceu Azul,Belo Horizonte,"R. Maria Gertrúdes Santos, 293 - Céu Azul, Belo Horizonte - MG, 31578-300, Brazil",-44.0008026,-19.8179479
POSTO UNIAO LTDA,"AVENIDA DOM PEDRO I, 3880",Vnda Nova,Belo Horizonte,"Av. Dom Pedro I, 3880 - Planalto, Belo Horizonte - MG, 30720-460, Brazil",-43.9520183,-19.8210844
POSTO JOCA LTDA,"AV. ANTONIO JOSE DOS SANTOS,609, S/N",Ceu Azul,Belo Horizonte,"R. Antônio José dos Santos, 609 - S/N - Céu Azul, Belo Horizonte - MG, 31580-000, Brazil",-43.99738550000001,-19.819634
DELMA - COMERCIO DE COMBUSTIVEIS LTDA,"AVENIDA VILARINHO, 3353",Leticia Distrito de Venda Nova,Belo Horizonte,"Av. Vilarinho, 3353 - Venda Nova, Belo Horizonte - MG, 31615-250, Brazil",-43.9705696,-19.8068148
POSTO CATEDRAL LTDA,"AVENIDA CRISTIANO MACHADO, 11100",Vila Cloris,Belo Horizonte,"Av. Cristiano Machado, 11100 - Floramar, Belo Horizonte - MG, 31742-278, Brazil",-43.94299220000001,-19.8262392
POSTO CRISTIANO MACHADO LTDA,"AVENIDA CRISTIANO MACHADO, 8665",Dona Clara,Belo Horizonte,"Av. Cristiano Machado, 8665 - Vila Suzana, Belo Horizonte - MG, 31260-333, Brazil",-43.933962,-19.8603046
POSTO MARIO WERNECK LIMITADA,"AVENIDA CRISTIANO MACHADO, 9292",Dona Clara,Belo Horizonte,"Av. Cristiano Machado, 9292 - Minaslandia, Belo Horizonte - MG, 31810-280, Brazil",-43.9338041,-19.8514824
GAS BRAS LTDA,"RODOVIA PAPA JOAO PAULO II, 400",Satelite,Belo Horizonte,"Rod. Papa João Paulo II, 400 - Serra Verde, Belo Horizonte - MG, 31610, Brazil",-43.9502697,-19.8060201
AUTO POSTO MENDONCA LTDA,"AVENIDA CRISTIANO MACHADO, 2506",Cidade Nova,Belo Horizonte,"Av. Cristiano Machado, 2506 - Vila Suzana, Belo Horizonte - MG, 31260-500, Brazil",-43.9288697,-19.8852496
POSTO BOA ESPERANCA LTDA.,"RODOVIA PAPA JOAO PAULO II, 3031",Serra Verde,Belo Horizonte,"Rod. Papa João Paulo II, 3031 - Serra Verde, Belo Horizonte - MG, 31630-369, Brazil",-43.9501701,-19.8037797
POSTO TATIANA LTDA,"AVENIDA PEDRO I, 468",Jardim Atlantico,Belo Horizonte,"Av. Dom Pedro I, 468 - Santa Branca, Belo Horizonte - MG, 31744-002, Brazil",-43.96681,-19.84028
GNV SETE BELO LTDA,"AVENIDA CRISTIANO MACHADO, 8898",Minaslandia,Belo Horizonte,"Av. Cristiano Machado, 8898 - Primeiro de Maio, Belo Horizonte - MG, 31812-112, Brazil",-43.93470809999999,-19.856525
POSTO BRUNINHA LTDA,"AVENIDA DOM PEDRO I, 1680",Itapoa,Belo Horizonte,"Av. Dom Pedro I, 1680 - Itapoã, Belo Horizonte - MG, 31710-000, Brazil",-43.9630032,-19.8325782
POSTO CM LTDA,"AVENIDA CRISTIANO MACHADO, 3050 0",União,Belo Horizonte,"Av. Cristiano Machado, 3050 - União, Belo Horizonte - MG, 31160-380, Brazil",-43.9287876,-19.8781517
SOCIEDADE COMERCIAL CANAA LTDA,"RODOVIA PAPA JOAO PAULO II, 3614",Canaa,Belo Horizonte,"Rod. Papa João Paulo II, 3614 - Canaa, Belo Horizonte - MG, 31749-060, Brazil",-43.9483719,-19.7890748
POSTO MINAS SHOPPING LTDA,"AVENIDA CRISTIANO MACHADO, 3400",Uniao,Belo Horizonte,"Av. Cristiano Machado, 3400 - Vila Suzana, Belo Horizonte - MG, 31160-342, Brazil",-43.9286466,-19.8774541
POSTO DE COMBUSTIVEL PASSARELA LTDA,"AVENIDA CRISTIANO MACHADO, 2525",Silveira,Belo Horizonte,"Av. Cristiano Machado, 2525 - Vila Suzana, Belo Horizonte - MG, 31260-500, Brazil",-43.9295761,-19.8863785
POSTO WAP CRISTIANO MACHADO LTDA,"AVENIDA CRISTIANO MACHADO, 9434",Minaslandia (p Maio),Belo Horizonte,"Av. Cristiano Machado, 9434 - Vila Suzana, Belo Horizonte - MG, 31812-112, Brazil",-43.932656,-19.849248
POSTO CAMOES LTDA,"AVENIDA PORTUGAL, 4611",Itapoa,Belo Horizonte,"Av. Portugal, 4611 - Itapoã, Belo Horizonte - MG, 31710-400, Brazil",-43.9594348,-19.843379
POSTO ESTACAO BH LTDA,"AVENIDA CRISTIANO MACHADO, 10025",Heliopolis,Belo Horizonte,"Av. Cristiano Machado, 10025 - Vila Suzana, Belo Horizonte - MG, 31741-465, Brazil",-43.935299,-19.8418231
POSTO SAO BERNARDO LTDA,"AVENIDA CRISTIANO MACHADO, 9505",Dona Clara,Belo Horizonte,"Av. Cristiano Machado, 9505 - Dona Clara, Belo Horizonte - MG, 31741-401, Brazil",-43.9330416,-19.8476655
POSTO CN LTDA,"AVENIDA CRISTIANO MACHADO, 1383",Da Graca,Belo Horizonte,"Av. Cristiano Machado, 1383 - Vila Suzana, Belo Horizonte - MG, 31140-020, Brazil",-43.928112,-19.8976844
POSTO ENTRADA OBRIGATÓRIA LTDA,"AVENIDA PORTUGAL, 4260",Jardim Atlântico,Belo Horizonte,"Av. Portugal, 4260 - Jardim Atlântico, Belo Horizonte - MG, 31710-600, Brazil",-43.96224910000001,-19.8431174
POSTO GUARAPARI LTDA,"AVENIDA GUARAPARI, 1201 LOTE 15 E 16",Santa Amelia,Belo Horizonte,"Av. Guarapari, 1201 - LOTE 15 E 16 - Santa Amelia, Belo Horizonte - MG, 31560-300, Brazil",-43.975167,-19.835763
POSTO SANTO ONOFRE LTDA,"RUA ERICO VERISSIMO, 1645",Santa Monica,Belo Horizonte,"R. Érico Veríssimo, 1645 - Santa Monica, Belo Horizonte - MG, 31520-395, Brazil",-43.976673,-19.817168
POSTO ATLANTICO LTDA,"AVENIDA PORTUGAL, 150",Jardim Atlantico,Belo Horizonte,"Av. Portugal, 150 - Santa Amelia, Belo Horizonte - MG, 31550-000, Brazil",-43.9913128,-19.8388349
POSTO VANORTE LTDA,"RUA DOUTOR ALVARO CAMARGOS, 1795",Santa Branca,Belo Horizonte,"Rua Dr. Álvaro Camargos, 1795 - Santa Branca, Belo Horizonte - MG, 31515-252, Brazil",-43.9635332,-19.8288041
A CARABETTI & CIA LTDA,"AVENIDA CRISTIANO MACHADO, 2000",Cidade Nova,Belo Horizonte,"Av. Cristiano Machado, 2000 - Cidade Nova, Belo Horizonte - MG, 31170-800, Brazil",-43.9286631,-19.8900208
POSTO BOM BOM LTDA,"AVENIDA CONTORNO, 2694",Santa Efigenia,Belo Horizonte,"Av. do Contorno, 2694 - Santa Efigênia, Belo Horizonte - MG, 30110-014, Brazil",-43.92267220000001,-19.9219985
POSTO BEAGAS GNV LTDA.,"AVENIDA DOM PEDRO II, 4685",Jardim Montanhes,Belo Horizonte,"Av. Dom Pedro II, 4685 - Jardim Montanhês, Belo Horizonte - MG, 30750-000, Brazil",-43.9836581,-19.9083732
POSTO BH LTDA - ME,"AVENIDA DOS ANDRADAS, 1350",Centro,Belo Horizonte,"Av. dos Andradas, 1350 - Centro, Belo Horizonte - MG, 30120-010, Brazil",-43.92783,-19.92155
ROL COMERCIO DE DERIVADOS DE PETROLEO LTDA,"AVENIDA ANDRADAS, 3520",Pompeia,Belo Horizonte,"Av. dos Andradas, 3520 - Santa Efigênia, Belo Horizonte - MG, 30260-070, Brazil",-43.9091934,-19.9163639
POSTO WAP LTDA,"AVENIDA PEDRO II, 4091",Vila Futuro,Belo Horizonte,"Av. Dom Pedro II, 4091 - Jardim Montanhês, Belo Horizonte - MG, 30810-190, Brazil",-43.9794854,-19.9127309
POSTO LESTE LTDA,"AVENIDA DOS ANDRADAS, 3300",Santa Efigenia,Belo Horizonte,"Av. dos Andradas, 3300 - Centro, Belo Horizonte - MG, 30120-010, Brazil",-43.91409700000001,-19.9198817
POSTO PRISMA LTDA,"AVENIDA VER. CICERO ILDEFONSO, 684",Joao Pinheiro,Belo Horizonte,"Av. Vereador Cicero Idelfonso, 684 - João Pinheiro, Belo Horizonte - MG, 30530-000, Brazil",-43.998888,-19.925342
KING EMPREENDIMENTOS COMERCIAIS LTDA,"AVENIDA VEREADOR CÍCERO ILDEFONSO, 1065",Coração Eucarístico,Belo Horizonte,"Av. Vereador Cicero Idelfonso, 1065 - Califórnia, Belo Horizonte - MG, 30530-000, Brazil",-44.0013756,-19.9257017
POSTO DE COMBUSTÍVEIS SANTO AGOSTINHO LTDA.,"AVENIDA AMAZONAS, 2381",Santo Agostinho,Belo Horizonte,"Av. Amazonas, 2381 - Santo Agostinho, Belo Horizonte - MG, 30180-121, Brazil",-43.9547234,-19.9283869
POSTO QUICK LTDA,"AVENIDA CORONEL JOSE BENJAMIM, 17",Padre Eustaquio,Belo Horizonte,"Rua Coronel José Benjamim, 17 - Padre Eustáquio, Belo Horizonte - MG, 30720-430, Brazil",-43.969415,-19.9195664
POSTO OCEANO LTDA,"AVENIDA DO CONTORNO, 10325",Barro Preto,Belo Horizonte,"Av. do Contorno, 10325 - Santa Efigênia, Belo Horizonte - MG, 30110-071, Brazil",-43.9553752,-19.9176637
POSTO OLIMAR COMERCIO DE COMBUSTIVEIS LTDA,"AVENIDA TEREZA CRISTINA, 2350",Padre Eustaquio,Belo Horizonte,"Av. Tereza Cristina, 2350 - Padre Eustáquio, Belo Horizonte - MG, 30720-030, Brazil",-43.974395,-19.922624
POSTO DE COMBUSTIVEL TEREZA CRISTINA LTDA,"AVENIDA TEREZA CRISTINA, 820",Carlos Prates,Belo Horizonte,"Av. Tereza Cristina, 820 - Carlos Prates, Belo Horizonte - MG, 30411-640, Brazil",-43.9650952,-19.9168282
POSTO LESTE OESTE LTDA,"AVENIDA TEREZA CRISTINA, 1795",Calafate,Belo Horizonte,"Av. Tereza Cristina, 1795 - Prado, Belo Horizonte - MG, 30410-600, Brazil",-43.969948,-19.92155
POSTO VILA NOSSA SENHORA DE FATIMA LTDA,"AVENIDA NOSSA SENHORA DE FATIMA, 2.401",Carlos Prates,Belo Horizonte,"Av. Nossa Sra. de Fátima, 2401 - Carlos Prates, Belo Horizonte - MG, 30710-020, Brazil",-43.9533802,-19.9149748
POSTO DAMASCO LTDA - ME,"AVENIDA PEDRO II, 1125",Carlos Prates,Belo Horizonte,"Av. Dom Pedro II, 1125 - Carlos Prates, Belo Horizonte - MG, 30710-010, Brazil",-43.9544254,-19.913495
POSTO JUPITER LTDA,"AVENIDA TEREZA CRISTINA, 2850",Padre Eustaquio,Belo Horizonte,"Av. Tereza Cristina, 2850 - Coração Eucarístico, Belo Horizonte - MG, 30535-485, Brazil",-43.97943,-19.92307
POSTO PAULISTINHA LTDA,"AVENIDA NOSSA SENHORA DE FATIMA, 1612",Carlos Prates,Belo Horizonte,"Av. Nossa Sra. de Fátima, 1612 - Lagoinha, Belo Horizonte - MG, 30710-030, Brazil",-43.945616,-19.9134333
POSTO DE COMBUSTIVEL LUBRIMIL LTDA,"AVENIDA ABILIO MACHADO, 845",Dom Bosco,Belo Horizonte,"Av. Abílio Machado, 845 - Dom Bosco, Belo Horizonte - MG, 30830-093, Brazil",-43.9987885,-19.9085095
POSTO AVENIDA LTDA,"AVENIDA AMAZONAS, 9248",Glalija,Belo Horizonte,"Av. Amazonas, 9248 - Camargos, Belo Horizonte - MG, 30520-000, Brazil",-44.0088658,-19.9476346
POSTO PARADA OBRIGATORIA LTDA,"AVENIDA DOS ANDRADAS, 3910",Pompéia,Belo Horizonte,"Av. dos Andradas, 3910 - Centro, Belo Horizonte - MG, 30120-010, Brazil",-43.9080336,-19.9124091
COMERCIAL MARCESOP LTDA,"AVENIDA AMAZONAS, 5234",Nova Suica,Belo Horizonte,"Av. Amazonas, 5234 - Centro, Belo Horizonte - MG, 30180-001, Brazil",-43.9789861,-19.9296805
POSTO FENIX ESTORIL LTDA,"AVENIDA AMAZONAS, 4808",Nova Suissa,Belo Horizonte,"Av. Amazonas, 4808 - Centro, Belo Horizonte - MG, 30180-001, Brazil",-43.9772203,-19.9292779
POSTO CATALAO LTDA,"AVENIDA PRESIDENTE CARLOS LUZ, 102",Pedro Ii,Belo Horizonte,"Av. Presidente Carlos Luz, 102 - Alto Caiçaras, Belo Horizonte - MG, 31250-810, Brazil",-43.9630049,-19.9073134
EXXEL REVENDEDORA DE DERIVADOS DE PETROLEO LTDA,"AVENIDA VER CICERO ILDEFONSO, 539",Joao Pinheiro,Belo Horizonte,"Av. Vereador Cicero Idelfonso, 539 - Califórnia, Belo Horizonte - MG, 30530-000, Brazil",-43.9974985,-19.9262594
POSTO JOAO PAULO II LTDA - ME,"AV JOÃO XXIII, 540",Alípio de Melo,Belo Horizonte,"Av. João XXIII, 540 - Alípio de Melo, Belo Horizonte - MG, 30820-660, Brazil",-44.0005823,-19.8995829
ECO EMPREENDIMENTOS COMERCIAIS LTDA,"RUA TUPIS, 1774",Barro Preto,Belo Horizonte,"Rua dos Tupis, 1774 - Barro Preto, Belo Horizonte - MG, 30190-062, Brazil",-43.9536788,-19.9178246
POSTO ITAPOA LTDA,"AVENIDA AMAZONAS, 2994",Barroca,Belo Horizonte,"Av. Amazonas, 2994 - Centro, Belo Horizonte - MG, 30410-000, Brazil",-43.9602463,-19.9296763
POSTO SILVA LOBO LTDA.,"AVENIDA AMAZONAS, 5353 A",Nova Suiça,Belo Horizonte,"Av. Amazonas, 5353 - Nova Suíça, Belo Horizonte - MG, 30431-025, Brazil",-43.9796719,-19.9302812
POSTO SERRANO LTDA,"AVENIDA ABILIO MACHADO, 3123",Serrano,Belo Horizonte,"Av. Abílio Machado, 3123 - Dom Bosco, Belo Horizonte - MG, 30830-093, Brazil",-44.0089204,-19.8942252
POSTO GAMELEIRA LTDA,"AVENIDA AMAZONAS, 7605",Nova Gameleira,Belo Horizonte,"Av. Amazonas, 7605 - Gameleira, Belo Horizonte - MG, 30510-000, Brazil",-43.997059,-19.93825
POSTO FORMULA BR LTDA,"AVENIDA AMAZONAS, 8.555",Cabana,Belo Horizonte,"Av. Amazonas - Cabana, Belo Horizonte - MG, Brazil",-44.0033897,-19.9425039
POSTO CAPITAL LTDA,"AVENIDA ABILIO MACHADO, 1772",Alipio de Mello,Belo Horizonte,"Av. Abílio Machado, 1772 - Dom Bosco, Belo Horizonte - MG, 30820-622, Brazil",-44.0036394,-19.9021453
POSTO ZEPPE MIRAGEM LTDA,"AVENIDA PRESIDENTE CARLOS LUZ, 638",Caicara,Belo Horizonte,"Av. Presidente Carlos Luz, 638 - Alto Caiçaras, Belo Horizonte - MG, 31230-010, Brazil",-43.9650898,-19.9038588
POSTO AMAZONAS LTDA,"AVENIDA AMAZONAS, 5298",Nova Suissa,Belo Horizonte,"Av. Amazonas, 5298 - Centro, Belo Horizonte - MG, 30180-001, Brazil",-43.979397,-19.929767
POSTO R.E.M. LTDA,"AVENIDA DO CONTORNO, 10040",Barro Preto,Belo Horizonte,"Av. do Contorno, 10040 - Santa Efigênia, Belo Horizonte - MG, 30110-017, Brazil",-43.9558408,-19.9186768
POSTO R.E.M. LTDA,"AVENIDA AMAZONAS, 4594",Nova Suissa,Belo Horizonte,"Av. Amazonas, 4594 - Nova Suíça, Belo Horizonte - MG, 30180-001, Brazil",-43.9750569,-19.9292042
COMBUSTIVEIS VALADARES LTDA,"AVENIDA PRESIDENTE CARLOS LUZ, 2600",Caparao,Belo Horizonte,"Avenida Presidente Carlos Luz - R. Caparaó, 2600 - Aparecida 7ª Seção, Belo Horizonte - MG, 31250-810, Brazil",-43.9666667,-19.8897222
DUTRA E SILVA LTDA,"AVENIDA DOS ENGENHEIROS, 465",Alipio de Melo,Belo Horizonte,"Av. dos Engenheiros, 465 - Alípio de Melo, Belo Horizonte - MG, 30840-300, Brazil",-43.9984393,-19.8919097
L. C. EMPREENDIMENTOS LTDA,"AVENIDA DIS ENGENHEIROS, 1620",Castelo,Belo Horizonte,"Av. dos Engenheiros, 1620 - Alípio de Melo, Belo Horizonte - MG, 30840-300, Brazil",-44.0059318,-19.8855336
AUTO POSTO TREVINHO LTDA,"AVENIDA JOSE CANDIDO DA SILVEIRA, 3252",Ana Lucia,Sabará,"Av. José Cândido da Silveira, 3252, Sabará - MG, 31930-010, Brazil",-43.9058048,-19.8759041
POSTO AVIEN LTDA,"RODOVIA BR-381, S/N KM 13",Borba Gato,Sabará,"Rodovia Br-262 - Vila Amelia Moreira, Sabará - MG, 34730-010, Brazil",-43.849148,-19.83465
POSTO SANTA INES MINAS LTDA,"AVENIDA CONTAGEM, 1980",Ana Lucia,Sabará,"Rua Contagem, 1980 - Santa Ines, Sabará - MG, 31080-365, Brazil",-43.908204,-19.8788589
POSTO DAS NACOES LTDA,"RODOVIA MG 5, KM 6",-,Sabará,"Rodovia MG 005 404 - Vila Bom Retiro, Sabará - MG, 31930-010, Brazil",-43.9013807,-19.8767211
POSTO ANA LUCIA LTDA,"AVENIDA CONTAGEM, 1354",Ana Lucia,Sabará,"Rua Contagem, 1354, Sabará - MG, 34710-010, Brazil",-43.90631870000001,-19.8845038
AUTO POSTO SABARA LTDA.,"RUA PREFEITO VITOR FANTINI, 719",Centro,Sabará,"Av. Pref. Vítor Fantini, 719 - Centro, Sabará - MG, 34525-360, Brazil",-43.8137275,-19.8936901
CATALAO COMERCIAL LTDA,"ROD. MG 030, 8625 SHOPPING SERENA MALL",Vale do Sereno,Nova Lima,"Rod. Januário Carneiro, 8625 - Vale do Sereno, Nova Lima - MG, 34000-000, Brazil",-43.9396,-19.987031
POSTO JAMBREIRO LTDA,"RODOVIA MG 30 KM 18,",Ouro Velho Mansoes,Nova Lima,"Rod. Januário Carneiro, 1709 - Res. Europa, Nova Lima - MG, 34004-703, Brazil",-43.8937791,-19.9988213
JACK COMBUSTIVEIS EIRELI,"RUA DOUTOR ANIBAL MORAES QUINTAO, 71",Centro,Nova Lima,"Rua Aníbal Morais de Quintão, 71 - Rosário, Nova Lima - MG, 34000-000, Brazil",-43.85322619999999,-19.9821703
PHILADELPHIA DERIVADOS DE PETROLEO LTDA,"PRACA DR. ERNANI RIB. SILVA, 22",Centro,Nova Lima,"R. Arisio da Silva, 22 - Padre Osvaldo B Pena, Nova Lima - MG, 34000-000, Brazil",-43.85302799999999,-20.0009341
POSTO CURVA DO RETIRO LTDA,"RODOVIA BR 040, 2000 KM 548 - LOTES 01 A 12",Jardim Canada,Nova Lima,"BR-040, 2000 - 01 - Santos Dumont, MG, 36240-000, Brazil",-43.556877,-21.4473309
GRAFER COMERCIAL LTDA,"RODOVIA BR 040, S/N KM 544 ZONA RURAL",São Sebastião de Águas Claras,Nova Lima,"Rodovia Br 040, S/N (Km 544 - Estr. São Sebastião das Águas Claras, S/N, Nova Lima - MG, 34000-000, Brazil",-43.9631216,-20.046444
PETROLIM LTDA,"PRACA EXPEDICIONARIO ASSUNCAO, 12",Centro,Nova Lima,"R. do Resende, 170 - Centro, Nova Lima - MG, 34000-000, Brazil",-43.84415629999999,-19.9853115
POSTO D. PEDRO DE BETIM LTDA.,"RODOVIA BR 381, S/N KM 486",Brasiléia,Betim,"Rod. Fernão Dias - Brasiléia, Betim - MG, Brazil",-44.20074890000001,-19.9805583
POSTO ANGOLA LTDA,"RUA DO ROSARIO, 1001",Angola,Betim,"R. do Rosário, 1001 - Angola, Betim - MG, 32630-000, Brazil",-44.20069429999999,-19.9569806
POSTO VILA LIBERDADE LTDA,"AVENIDA EDMEIA MATTOS LAZZAROTTI, 1381",Angola,Betim,"Av. Edmeia Matos Lazzarotti, 1381 - Angola, Betim - MG, 32600-044, Brazil",-44.2004114,-19.9635525
AUTO POSTO RODRIGO LTDA,"AVENIDA ARTHUR DA SILVA BERNARDES, 355",Ingá,Betim,"Av. Artur da Silva Bernardes, 355 - Ingá, Betim - MG, 32630-050, Brazil",-44.1957332,-19.9536019
AUTO POSTO RODRIGO LTDA,"AVENIDA ARTHUR DA SILVA BERNARDES, 355",Inga,Betim,"Av. Artur da Silva Bernardes, 355 - Ingá, Betim - MG, 32630-050, Brazil",-44.1957332,-19.9536019
REDE SANTANA COMBUSTIVEIS CONTAGEM LTDA,"AVENIDA FRANCISCO FIRMO MATTOS, 2020",Cidade Jd. Eldorado,Contagem,"Av. Francisco Firmo de Matos, 2020 - Eldorado, Contagem - MG, 32260-000, Brazil",-44.0391984,-19.9503359
PIO XII COMBUSTIVEIS LTDA,"AVENIDA PIO XII, 45",Agua Branca,Contagem,"Av. Pio XII, 45 - Água Branca, Contagem - MG, 32371-160, Brazil",-44.0330023,-19.9356434
EXPRESSA COMERCIO DE DERIVADOS DE PETROLEO LTDA,"RUA JOAQUIM CAMARGOS, 195",Agua Branca,Contagem,"R. Joaquim Camargos, 195 - Água Branca, Contagem - MG, 32010-000, Brazil",-44.0341293,-19.9344196
BERNARDO MONTEIRO COMBUSTIVEIS LTDA,"RUA SANTA EDWIGES, 21",Santa Terezinha,Contagem,"R. Santa Edwiges, 21 - Santa Terezinha, Contagem - MG, 32010-040, Brazil",-44.0804344,-19.9300687
FARIA REVENDEDORA DE COMBUSTIVEIS LTDA,"AVENIDA HELENA DE VASCONCELOS COSTA, 4514",Bitacula e Perobas,Contagem,"Av. Helena de Vasconcelos Costa, 4514 - Campina Verde, Contagem - MG, 32015-640, Brazil",-44.0507712,-19.9054537
METRO COMERCIO DE DERIVADOS DE PETROLEO LTDA,"VIA EXPRESSA, 223",Agua Branca,Contagem,"Via Expressa de Contagem, 223 - Água Branca, Contagem - MG, 32010-000, Brazil",-44.0345641,-19.934212
POSTO ALAMO LTDA,"VIA EXPRESSA DE CONTAGEM, 12.165",Petrolandia,Contagem,"Via Expressa de Contagem - Petrolândia, Contagem - MG, Brazil",-44.11371159999999,-19.9266964
NORTESUL POSTOS E SERVIÇOS LTDA,"AVENIDA HELENA DE VASCONCELOS COSTA, 1240",Fazendas das Perobas,Contagem,"Av. Helena de Vasconcelos Costa, 1240 - Cincao, Contagem - MG, 32371-685, Brazil",-44.0549514,-19.9159908
POSTO VILA PICA PAU LTDA,"VIA EXPRESSA DE CONTAGEM, 6900",Bernardo Monteiro,Contagem,"Via Expressa de Contagem, 6900 - Tropical, Contagem - MG, 32072-390, Brazil",-44.113844,-19.9266973
ITAPORE COMERCIO DE COMBUSTIVEIS LTDA.,"VIA EXPRESSA DE CONTAGEM, 1665",Agua Branca,Contagem,"Via Expressa de Contagem, 1665 - Eldorado, Contagem - MG, 32370-485, Brazil",-44.0397772,-19.9311728
POSTO TELEFÉRICO LTDA.,"AVENIDA TELEFERICO, 825",Conjunto Habitacional Vereador Jose Custodio,Contagem,"Av. Teleférico, 825 - Conj. Agua Branca, Contagem - MG, 32310-390, Brazil",-44.0276884,-19.9362268
POSTO PICA PAU LTDA,"AVENIDA HELENA VASCONCELO COSTA, 4447",Bitaculas Perobas,Contagem,"Av. Helena de Vasconcelos Costa, 4447 - Cincao, Contagem - MG, 32141, Brazil",-44.0489259,-19.9072562
POSTO ZEPPE GRAND PRIX LTDA,"VIA EXPRESSA, 3.100",Bitacula e Perobas,Contagem,"Via Expressa de Contagem, 3100 - Parque Sao Joao, Bitacula E Perobas - MG, 32371-190, Brazil",-44.0495867,-19.9211609
POSTO ZEPPE OASIS LTDA,"VIA EXPRESSA, 2600",Cinco/perobas,Contagem,"Via Expressa de Contagem, 2600 - Parque Sao Joao, Contagem - MG, 32370-485, Brazil",-44.0450713,-19.9238509
AUTO POSTO SANTOS RIOS S.R. LTDA - ME,"VIA EXPRESSA DE CONTAGEM, 2835",Perobas,Contagem,"Via Expressa de Contagem, 2835 - Parque Sao Joao, Contagem - MG, 32370-485, Brazil",-44.0466327,-19.9230736
NORTESUL POSTOS E SERVIÇOS LTDA,"AVENIDA HELENA DE VASCONCELOS COSTA, 1235",Fazenda das Perobas,Contagem,"Av. Helena de Vasconcelos Costa, 1235 - Cincao, Contagem - MG, 32371-685, Brazil",-44.0482451,-19.9075232
POSTO CRUZEIRO DO SUL LTDA,"RUA HUMBERTO DE MORO, 500",Inconfidentes,Contagem,"R. Humberto de Môro, 500 - Inconfidentes, Contagem - MG, 32260-005, Brazil",-44.0392871,-19.951285
MILLENIUM COMÉRCIO DE DERIVADOS DE PETRÓLEO LTDA,"RUA TOMAZ DE ANDRADE, 85",Distrito Industrial,Contagem,"Rua Tomás de Andrade, 85 - Riacho das Pedras, Contagem - MG, 32223-000, Brazil",-44.031156,-19.964296
POSTO PETROLINA EIRELI,"RODOVIA BR-381, S/N KM 0900",Inconfidentes,Contagem,"Rod. Fernão Dias - Inconfidentes, Contagem - MG, Brazil",-44.0396524,-19.9622985
POSTO BARREIRAO LTDA - EPP,"AVENIDA TEREZA CRISTINA, 2796",Jardim Industrial,Contagem,"Rodovida BR 040 km 688 S/N - Kennedy, Contagem - MG, 32145-900, Brazil",-44.04850829999999,-19.8945259
EMPREENDIMENTOS BRITO LIMA LTDA,"RODOVIA BR 040 KM 688, S/Nº CEASA",Guanabara,Contagem,"Av. Severino Ballesteros - Av. Severino Balsteros Rodrigues, 850 - Cabral, Contagem - MG, 32110-005, Brazil",-44.0381666,-19.8805712
EMPREENDIMENTOS BRITO LIMA LTDA,"AVENIDA SEVERINO BALLESTEIROS, 256 CEASA",Guanabara,Contagem,"Av. Olímpio García, 1100 - Eldorado, Contagem - MG, 32315-140, Brazil",-44.0395552,-19.9500968
POSTO NORTE SUL LTDA,"AVENIDA OLIMPIO GARCIA, 1100",Cid Jd Eldorado,Contagem,"Av. do Contorno, 1550 - Santa Efigênia, Belo Horizonte - MG, 30110-002, Brazil",-43.9289144,-19.9139117
POSTO ODEON LTDA,"AVENIDA DO CONTORNO, 1550",Floresta,Belo Horizonte,"Av. Barão Homem de Melo, 400 - Nova Granada, Belo Horizonte - MG, 30421-340, Brazil",-43.97284,-19.9376413
POSTO NIGHT AND DAY LTDA,"AVENIDA BARÃO HOMEM DE MELO, 400",Jardim América,Belo Horizonte,"Av. Brg. Eduardo Gomes, 1980 - Glória, Belo Horizonte - MG, 30870-100, Brazil",-44.0074783,-19.8992777
COMERCIAL RACOL LTDA,"AVENIDA BRIGADEIRO EDUARDO GOMES, 1980",Gloria,Belo Horizonte,"R. Des. Barcelos, 196 - Calafate, Belo Horizonte - MG, 30411-460, Brazil",-43.9725944,-19.9263903
POSTO SAO JOAO COMB E LUBR LTDA,"RUA DESEMBARGADOR BARCELOS, 196",Calafate,Belo Horizonte,"Beco MG-5 - Goiânia, Belo Horizonte - MG, 31930-010, Brazil",-43.90335260000001,-19.8755987
AUTO POSTO XANATAM LTDA,"RODOVIA RODOVIA MG 5, 765",Goiania,Belo Horizonte,"R. das Clarinetas, 23 - Conj. California, Belo Horizonte - MG, 30850-780, Brazil",-44.0064775,-19.9244
AUTO POSTO INHUMAS LTDA,"RUA DAS CLARINETAS, 23",Conjunto California,Belo Horizonte,"BR-040, 1000 - Califórnia, Belo Horizonte - MG, 30855-500, Brazil",-44.0270349,-19.9181557
PANORAMA COMERCIO DE COMBUSTIVEIS LTDA - ME,"RODOVIA BR 040, 1000 KM 1",Califórnia,Belo Horizonte,"R. Maj. Delfino de Paula, 2745 - São Francisco, Belo Horizonte - MG, 31255-170, Brazil",-43.9600116,-19.8819546
SAO FRANCISCO PARTICIPACOES TRANSPORTES E SERVICOS LTDA,"RUA MAJOR DELFINO DE PAULA, 2745",Sao Francisco,Belo Horizonte,"ROD ANEL - Anel Rodoviário Celso Mello Azevedo, 15600, Belo Horizonte - MG, 30750-585, Brazil",-43.9741855,-19.8916725
POSTO ABASTECA AQUI ANEL LTDA - EPP,"RODOVIA ANEL RODOVIARIO CELSO MELLO AZEVEDO, 15600",Caicaras,Belo Horizonte,"Av. Barão Homem de Melo, 827 - Nova Granada, Belo Horizonte - MG, 30431-327, Brazil",-43.97147,-19.94107
POSTO BARAO DE MELO LTDA,"AVENIDA BARAO HOMEM DE MELO, 827",Nova Granada,Belo Horizonte,"Av. Brasil, 401 - Santa Efigênia, Belo Horizonte - MG, 30140-000, Brazil",-43.9236839,-19.9254857
POSTO TIGRE LTDA,"AVENIDA BRASIL, 401",Funcionários,Belo Horizonte,"BR-262, Brazil",-43.9542559,-19.8806279
POSTO BALUARTE LTDA,"BR. 262 - KM 24,5, S/N KM 24,5",Maria Goreti,Belo Horizonte,"Anel Rodoviário Celso Mello Azevedo - Bernadete, Belo Horizonte - MG, Brazil",-43.981755,-19.9836563
AUTO POSTO MAQUINE LTDA,"RODOVIA ANEL RODOVIARIO CELSO MELLO AZEVEDO, 3605",Vila Bernadeti (barreiro),Belo Horizonte,"R. Des. Réis Alves, 880 - Indústrias I (Barreiro), Belo Horizonte - MG, 30610-270, Brazil",-43.9978788,-19.9657213
POSTO BATISTAO LIMITADA,"RUA DESEMBARGADOR REIS ALVES, 880",B. das Industrias,Belo Horizonte,"Anel Rodoviário Celso Mello Azevedo, 11333 - Dom Bosco, Belo Horizonte - MG, 30850-290, Brazil",-43.9997354,-19.9191404
POSTO BRUNA LTDA.,"RODOVIA ANEL RODOVIARIO CELSO MELLO AZEVEDO, 11333",Dom Bosco,Belo Horizonte,"R. Gonçalves Dias, 520 - Funcionários, Belo Horizonte - MG, 30140-090, Brazil",-43.9296686,-19.9328517
COMERCIO DE COMBUSTIVEIS ALEX LTDA,"RUA GONCALVES DIAS, 520",Funcionarios,Belo Horizonte,"BR-262 - Dom Silverio, Belo Horizonte - MG, Brazil",-43.90457749999999,-19.8576547
POSTO ASSIS LTDA,"RODOVIA BR 262, S/N KM 26",Dom Silverio,Belo Horizonte,"Av. Brasil, 909 - Funcionários, Belo Horizonte - MG, 30140-001, Brazil",-43.9278824,-19.9279377
POSTO ARAPONGA LTDA,"AVENIDA BRASIL, 909",Santa Efigenia,Belo Horizonte,"BR-262 - Engenho Nogueira, Belo Horizonte - MG, Brazil",-43.977647,-19.8927623
POSTO CARIJO LTDA,"RODOVIA BR 262, S/N KM 04",Engenho Nogueira,Belo Horizonte,"Rod. MG 5 - Ipê, Belo Horizonte - MG, 31950, Brazil",-43.9040276,-19.8682533
POSTO ESTEVES LTDA,"RODOVIA MG-5, 750 LETRA: A;",Ipe,Belo Horizonte,"Anel Rodoviário Celso Mello Azevedo, 23759 - Goiânia, Belo Horizonte - MG, 31980-115, Brazil",-43.900482,-19.8573306
AUTO POSTO VERONA EIRELI,"RODOVIA ANEL RODOVIARIO CELSO MELLO AZEVEDO, 23759",Dom Silverio,Belo Horizonte,"BR-262, Belo Horizonte - MG, Brazil",-43.9542559,-19.8806279
POSTO CURIANGO LTDA.,"RODOVIA BR 262, S/N KM 07",Gorduras,Belo Horizonte,"Rodovia Br 356, km 7,5, s/n - Olhos D'Água, Belo Horizonte - MG, 30390-003, Brazil",-43.9597912,-19.9948684
BARRABELA AUTO POSTO LTDA.,"RODOVIA BR 356, S/N KM 7,5",Olhos D'agua,Belo Horizonte,"Av. do Contorno, 1955 - Floresta, Belo Horizonte - MG, 30110-009, Brazil",-43.92702329999999,-19.9160935
POSTO TOCANTINS LTDA,"AVENIDA DO CONTORNO, 1955",Floresta,Belo Horizonte,"Av. Afonso Pena, 4321 - Mangabeiras, Belo Horizonte - MG, 30130-009, Brazil",-43.9203492,-19.9474319
POSTO MANGABEIRAS LTDA,"RUA AFONSO PENA, 4321",Mangabeiras,Belo Horizonte,"Av. Barão Homem de Melo, 3000 - Nova Granada, Belo Horizonte - MG, 30494-080, Brazil",-43.9647228,-19.961305
W. R. SIMONE COMERCIAL LTDA.,"AVENIDA BARÃO HOMEM DE MELO, 3000",Estoril,Belo Horizonte,"Av. Raja Gabáglia, 5001 - Cidade Jardim, Belo Horizonte - MG, 30380-103, Brazil",-43.94792959999999,-19.9717966
POSTO VICA LTDA,"AVENIDA RAJA GABAGLIA, 5001",Santa Lucia,Belo Horizonte,"R. Rio Grande do Norte, 1204 - Funcionários, Belo Horizonte - MG, 30130-131, Brazil",-43.93242000000001,-19.93616
POSTO AEL SAO JOSE LTDA,"RUA RIO GRANDE DO NORTE, 1204",Funcionarios,Belo Horizonte,"BR-356, 520, Cardoso Moreira - RJ, 28180-000, Brazil",-41.5376582,-21.5313183
POSTO SANTA LUCIA LTDA,"RODOVIA BR-356, 520",Sion,Belo Horizonte,"Av. Nossa Sra. do Carmo, 1925 - Carmo Sion, Belo Horizonte - MG, 30310-000, Brazil",-43.9401149,-19.9555199
POSTO HUGO WERNECK LTDA,"AVENIDA NOSSA SENHORA DO CARMO, 1925",Carmo Sion,Belo Horizonte,"Av. Uruguai, 86 - Sion, Belo Horizonte - MG, 30310-300, Brazil",-43.934695,-19.9485136
POSTO MAURITANIA LTDA,"RUA DO URUGUAI, 86",Sion,Belo Horizonte,"R. Grão Mogol, 953 - Carmo, Belo Horizonte - MG, 30315-600, Brazil",-43.9341405,-19.9488886
MM - COMERCIO DE DERIVADOS DE PETROLEO LTDA,"RUA GRAO MOGOL, 953-A",Sion,Belo Horizonte,"Av. Nossa Sra. do Carmo, 450 - São Pedro, Belo Horizonte - MG, 30360-740, Brazil",-43.9346927,-19.9439737
POSTO PONTE NOVA LTDA,"AVENIDA NOSSA SENHORA DO CARMO, 450",Carmo,Belo Horizonte,"Rua Pium-Í, 260 - Cruzeiro, Belo Horizonte - MG, 30310-080, Brazil",-43.9298418,-19.9417495
POSTO OURO FINO LIMITADA,"RUA PIUM I, 260",Cruzeiro,Belo Horizonte,"Av. Uruguai, 835 - Sion, Belo Horizonte - MG, 30310-300, Brazil",-43.9309777,-19.9533966
POSTO CHICAGO LTDA.,"RUA DO URUGUAI, 835",Sion,Belo Horizonte,"Av. Nossa Sra. do Carmo, 756 - São Pedro, Belo Horizonte - MG, 30330-000, Brazil",-43.93538909999999,-19.9469228
POSTO GRAJAU LTDA,"AVENIDA NOSSA SENHORA DO CARMO, 756",Sao Pedro,Belo Horizonte,"R. das Princesas, 367 - Vila Oeste, Belo Horizonte - MG, 30532-070, Brazil",-44.0072982,-19.9384485
BEL POSTO LTDA,"RUA DAS PRINCESAS, 367",Jardinopolis,Belo Horizonte,"BR-356, 04, 20 - Santa Lúcia, Belo Horizonte - MG, Brazil",-43.9637582,-19.9997883
POSTO PONTEIO LTDA.,"RODOVIA BR 356, 20 KM 04",Santa Lucia,Belo Horizonte,"Av. Bernardo Monteiro, 1339 - Funcionários, Belo Horizonte - MG, 30120-010, Brazil",-43.929113,-19.9303588
PETROBEL LTDA,"AVENIDA BERNARDO MONTEIRO, 1339",Funcionários,Belo Horizonte,"Rua Javari, 195 - Concórdia, Belo Horizonte - MG, 31030-045, Brazil",-43.9437254,-19.8979477
POSTO LONDRINA LTDA,"RUA JAVARI, 195",Sao Cristovao,Belo Horizonte,"Av. Silviano Brandão, 796 - Floresta, Belo Horizonte - MG, 31015-434, Brazil",-43.928861,-19.9081719
POSTO BAHAMA'S LTDA,"AVENIDA SILVIANO BRANDAO, 796",Floresta,Belo Horizonte,"R. Dep. Cláudio Pinheiro Lima, 957 - Glória, Belo Horizonte - MG, 30870-020, Brazil",-44.007295,-19.9039536
POSTO GLORIA,"RUA DEPUTADO CLAUDIO PINHEIRO DE LIMA, 957",Nossa Senhora da Gloria,Belo Horizonte,"R. Pará de Minas, 320 - Padre Eustáquio, Belo Horizonte - MG, 30730-440, Brazil",-43.9841709,-19.914662
POSTO DE COMBUSTIVEIS ZEUS LTDA,"RUA PARA DE MINAS, 320",Padre Eustaquio,Belo Horizonte,"R. Descalvado, 661 - Renascença, Belo Horizonte - MG, 31130-610, Brazil",-43.9421662,-19.8882824
POSTO JAVARI EIRELI,"RUA DESCALVADO, 661",Cachoeirinha,Belo Horizonte,"R. Pouso Alegre, 1075 - Floresta, Belo Horizonte - MG, 31015-215, Brazil",-43.9296221,-19.9120011
DIALA PETROLEO LTDA,"RUA POUSO ALEGRE, 1075",Floresta,Belo Horizonte,"R. Conselheiro Lafaiete, 1380 - Sagrada Família, Belo Horizonte - MG, 31035-560, Brazil",-43.92308,-19.9000958
POSTO SAGRADA FAMILIA EIRELI,"RUA CONSELHEIRO LAFAIETE, 1380",Sagrada Familia,Belo Horizonte,"Av. Santa Terezinha, 620 - Santa Terezinha, Belo Horizonte - MG, 31365-130, Brazil",-44.0013118,-19.870169
POSTO RC LTDA,"AVENIDA SANTA TEREZINHA, 620",Itatiaia,Belo Horizonte,"R. Jacuí, 1712 - Floresta, Belo Horizonte - MG, 31110-050, Brazil",-43.93415,-19.89801
POSTO MARTE LTDA,"RUA JACUI, 1712",Graca,Belo Horizonte,"R. Pará de Minas, 788 - Padre Eustáquio, Belo Horizonte - MG, 30730-440, Brazil",-43.98897729999999,-19.914019
CENCOSUD BRASIL COMERCIAL LTDA,"RUA PARA DE MINAS, 788 ANEXO: 01;",Padre Eustaquio,Belo Horizonte,"Av. Prof. Clóvis Salgado, 1865 - Bandeirantes (Pampulha), Belo Horizonte - MG, 31365-440, Brazil",-44.01205160000001,-19.8712341
POSTO ITATIAIA LTDA,"AVENIDA PROFESSOR CLOVIS SALGADO, 1865",Itatiaia,Belo Horizonte,"R. Padre Eustáquio, 2556 - Padre Eustáquio, Belo Horizonte - MG, 30720-100, Brazil",-43.9766902,-19.9148578
POSTO DOM BOSCO LTDA,"RUA PADRE EUSTÁQUIO, 2556 0",Padre Eustáquio,Belo Horizonte,"Av. Pres. Tancredo Neves, 2071 - Castelo, Belo Horizonte - MG, 31330-430, Brazil",-43.9934661,-19.8914465
POSTO MANACÁS LTDA,"AVENIDA PRESIDENTE TANCREDO NEVES, 1095 0",Castelo,Belo Horizonte,"R. Mato Grosso, 212 - Barro Preto, Belo Horizonte - MG, 30190-080, Brazil",-43.947486,-19.919864
ORGANIZAÇAO PETROMAR LTDA,"RUA MATO GROSSO, 212",Barro Preto,Belo Horizonte,"Rua dos Goitacazes, 1376 - Centro, Belo Horizonte - MG, 30190-051, Brazil",-43.9497354,-19.9202045
POSTO BARRO PRETO LTDA,"RUA GOITACASES, 1376",Barro Preto,Belo Horizonte,"Av. Waldyr Soeiro Emrich, 3441 - Santa Helena (Barreiro), Belo Horizonte - MG, 30644-000, Brazil",-44.0134481,-19.990582
POSTO VIA DO MINERIO LTDA,"AVENIDA WALDYR SOEIRO EMRICH, 3441",Santa Helena (barreiro),Belo Horizonte,"Rua Izabel Bueno, 139 - Jaraguá, Belo Horizonte - MG, 31270-030, Brazil",-43.9507193,-19.8679462
POSTO LUPUS ISABEL BUENO LTDA,"RUA IZABEL BUENO, 139",Indaia,Belo Horizonte,"Av. Silviano Brandão, 662 - Sagrada Família, Belo Horizonte - MG, 31030-525, Brazil",-43.9299122,-19.9073019
POSTO SAO SEBASTIAO LTDA - ME,"AVENIDA SILVIANO BRANDAO, 662",Floresta,Belo Horizonte,"Av. Professor Magalhães Penido, 540 - São Luiz, Belo Horizonte - MG, 31270-700, Brazil",-43.9596252,-19.8567429
POSTO AEROPORTO LTDA,"RUA PROFESSOR MAGALHAES PENIDO, 540",Sao Luiz (pampulha),Belo Horizonte,"Av. Silviano Brandão, 1785 - Sagrada Família, Belo Horizonte - MG, 31030-105, Brazil",-43.9211348,-19.9114439
ALABASTRO POSTOS E SERVIÇOS LTDA.,"AVENIDA SILVIANO BRANDÃO, 1785",Floresta,Belo Horizonte,"Av. Brg. Eduardo Gomes, 1025 - Glória, Belo Horizonte - MG, 30870-100, Brazil",-44.0042179,-19.9067459
POSTO ASTRAL LTDA,"AVENIDA BRIG EDUARDO GOMES, 1025",Gloria,Belo Horizonte,"Av. Saramenha, 1660 - Guarani, Belo Horizonte - MG, 31840-220, Brazil",-43.9176704,-19.8444726
VIF COMERCIO DE COMBUSTIVEIS LTDA,"AVENIDA SARAMENHA, 1660",Guarani,Belo Horizonte,"Av. Saramenha, 1062 - Guarani, Belo Horizonte - MG, 31840-050, Brazil",-43.9213408,-19.8416974
POSTO AGUIA COMERCIO DE COMBUSTIVEIS LTDA,"AVENIDA SARAMENHA, 1062",Tupi,Belo Horizonte,"Av. Saramenha, 1500 - Guarani, Belo Horizonte - MG, 31840-220, Brazil",-43.9187795,-19.8433053
POSTO ALLGAS LTDA,"AVENIDA SARAMENHA, 1500",Tupi,Belo Horizonte,"R. Jacuí, 2300 - Renascença, Belo Horizonte - MG, 31140-650, Brazil",-43.9361343,-19.8934663
POSTO DANUBIO LTDA,"RUA JACUI, 2300",Renascenca,Belo Horizonte,"Av. Flávio dos Santos, 459 - Floresta, Belo Horizonte - MG, 31015-150, Brazil",-43.9252139,-19.9120502
POSTO DO PAPAI LTDA,"RUA FLAVIO DOS SANTOS, 459",Floresta,Belo Horizonte,"R. Jacuí, 3880 - Ipiranga, Belo Horizonte - MG, 31160-190, Brazil",-43.9311971,-19.8799839
ALMADA & CIA LIMITADA,"RUA JACUI, 3880",Ipiranga,Belo Horizonte,"Av. Amintas Jacques de Morais, 2065 - Glória, Belo Horizonte - MG, 30880-133, Brazil",-44.0170234,-19.9066562
POSTO MIRAGEM LTDA,"AVENIDA AMINTAS JACQUES MORAIS, 2065",Patrocinio,Belo Horizonte,"R. Pouso Alegre, 1500 - Floresta, Belo Horizonte - MG, 31015-184, Brazil",-43.9252448,-19.9123999
POSTO DO PAPAI LTDA,"RUA POUSO ALEGRE, 1500",Floresta,Belo Horizonte,"Av. Pres. Tancredo Neves, 3574 - Paquetá, Belo Horizonte - MG, 31330-472, Brazil",-43.99204779999999,-19.8775205
AUTO POSTO VEM K LTDA,"AVENIDA PRESIDENTE TANCREDO NEVES, 3574",Paqueta,Belo Horizonte,"Rod. Camilo Teixeira da Costa - Tupi B, Belo Horizonte - MG, 31844, Brazil",-43.9148459,-19.8437076
COMERCIAL DIAS VIEIRA LTDA,"RODOVIA CAMILO TEIXEIRA DA COSTA, 555",Tupi B,Belo Horizonte,"Av. Pres. Antônio Carlos, 3550 - Cachoeirinha, Belo Horizonte - MG, 31150-032, Brazil",-43.95102,-19.8808979
POSTO COELHO LTDA,"AVENIDA ANTONIO CARLOS, 3550",Cachoeirinha,Belo Horizonte,"Rua Izabel Bueno, 20 - Jaraguá, Belo Horizonte - MG, 31270-030, Brazil",-43.94916389999999,-19.8697003
JR COMERCIO E PRESTACAO DE SERVICOS LTDA,"RUA IZABEL BUENO, 20",Universitario,Belo Horizonte,"Av. Heráclito Mourão de Miranda, 1851 - Santa Terezinha, Belo Horizonte - MG, 31365-203, Brazil",-44.005344,-19.877917
POSTO SAO PAULO ATLANTIDA LTDA,"AVENIDA HERACLITO MOURAO DE MIRANDA, 1851 0",Serrano,Belo Horizonte,"Rua Sena Madureira, 390 - Ouro Preto, Belo Horizonte - MG, 31340-000, Brazil",-43.9872838,-19.8738524
EVE EMPREENDIMENTOS LTDA,"RUA SENA MADUREIRA, 390",Ouro Preto,Belo Horizonte,"Av. Gen. Olímpio Mourão Filho, 835 - Planalto, Belo Horizonte - MG, 31710-690, Brazil",-43.9560177,-19.8343625
CENTRO AUTOMOTIVO FALCAO LTDA - EPP,"AVENIDA GAL OLIMPIO MOURA FILHO, 835",Planalto,Belo Horizonte,"Av. Dr. Cristiano Guimarães, 2329 - Planalto, Belo Horizonte - MG, 31720-300, Brazil",-43.95098549999999,-19.8397819
POSTO CHAVES LTDA - ME,"AVENIDA PORTUGAL, 2061",Santa Amelia,Belo Horizonte,"R. Maria Amélia Maia, 780 - São Tomaz, Belo Horizonte - MG, 31741-308, Brazil",-43.943082,-19.8456909
PLANALTO POSTO DE SERVIÇO LTDA,"AVENIDA DOUTOR CRISTIANO GUIMARÃES, 2329",Planalto,Belo Horizonte,"Av. Presidente Carlos Luz, 4055 - Engenho Nogueira, Belo Horizonte - MG, 31310-250, Brazil",-43.9777618,-19.8749206
POSTO MARIA AMELIA LTDA,"RUA MARIA AMELIA MAIA, 780",Sao Bernardo,Belo Horizonte,"Av. do Contorno, 9008 - Santa Efigênia, Belo Horizonte - MG, 30110-017, Brazil",-43.9568743,-19.92967
CARREFOUR COMERCIO E INDUSTRIA LTDA,"AVENIDA PRESIDENTE CARLOS LUZ, 4055 PARTE",Engenheiro Nogueira,Belo Horizonte,"Rua dos Tupinambás, 115 - Centro, Belo Horizonte - MG, 30140-061, Brazil",-43.93551950000001,-19.9187618
POSTO PIO XII LTDA.,"AVENIDA DO CONTORNO, 9008",Santo Agostinho,Belo Horizonte,"Av. Dom Pedro II, 930 - Carlos Prates, Belo Horizonte - MG, 30710-010, Brazil",-43.9525061,-19.9138918
POSTO VILA ESTACAO LTDA,"RUA DOS TUPINAMBAS, 115",Centro,Belo Horizonte,"R. Conceição do Mato Dentro, 335 - Ouro Preto, Belo Horizonte - MG, 31310-240, Brazil",-43.9795869,-19.8717594
ABRAS COMERCIO DE COMBUSTIVEL E VEICULOS LTDA,"AVENIDA PEDRO II, 930",Bonfim,Belo Horizonte,"Av. Presidente Carlos Luz, 451 - Alto Caiçaras, Belo Horizonte - MG, 30770-560, Brazil",-43.9648137,-19.9050907
ECO EMPREENDIMENTOS COMERCIAIS LTDA,"RUA CONCEICAO DO MATO DENTRO, 335",Ouro Preto,Belo Horizonte,"Av. Presidente Carlos Luz, 2263 - São Francisco de Assis, Belo Horizonte - MG, 31250-010, Brazil",-43.9660624,-19.8914557
GILBO COMERCIO DE DERIVADOS DE PETROLEO LTDA,"AVENIDA PRESIDENTE CARLOS LUZ, 451",Caiçara,Belo Horizonte,"Av. Dom Pedro II, 3038 - Caiçaras, Belo Horizonte - MG, 30720-460, Brazil",-43.9696602,-19.9114618
POSTO BARBOSA LTDA,"AVENIDA PRES CARLOS LUZ, 2263",Sao Francisco Assis,Belo Horizonte,"Av. Amazonas, 4594 - Nova Suíça, Belo Horizonte - MG, 30180-001, Brazil",-43.9750569,-19.9292042
POSTO MONTE SANTO LTDA,"AVENIDA DOMPEDRO II, 3038",Caicara,Belo Horizonte,"Av. Pres. Tancredo Neves, Belo Horizonte - MG, Brazil",-43.9937859,-19.8872874
POSTO R.E.M. LTDA,"AVENIDA AMAZONAS, 4594",Nova Suiça,Belo Horizonte,"Av. do Contorno, 9645 - Santa Efigênia, Belo Horizonte - MG, 30110-017, Brazil",-43.9582244,-19.9242204
POSTO MANACAS LTDA,"AVENIDA PRES TANCREDO NEVES, 1095 LOTE 73 74 Q.62",Castelo,Belo Horizonte,"R. Pará de Minas, 821 - Padre Eustáquio, Belo Horizonte - MG, 30730-440, Brazil",-43.9886784,-19.9146669
TIC TAC DERIVADOS DE PETROLEO LTDA,"AVENIDA DO CONTORNO, 9645",Prado,Belo Horizonte,"Av. Dom Pedro I, 2355 - Venda Nova, Belo Horizonte - MG, 31515-300, Brazil",-43.9575726,-19.8261837
POSTO PROGRESSO LTDA,"RUA PARA DE MINAS, 1080 0",Padre Eustáquio,Belo Horizonte,"Av. Dom Pedro I, 2177 - Vila São João Batista, Belo Horizonte - MG, 31744-002, Brazil",-43.9598072,-19.8273317
POSTO POETA LTDA,"AVENIDA DOM PEDRO I, 2355",Sao Joao Batista,Belo Horizonte,"Av. Pres. Antônio Carlos, 7585 - Lagoinha, Belo Horizonte - MG, 31210-800, Brazil",-43.9607975,-19.856574
CELT -COMERCIO DE COMBUSTIVEIS E LUBRIFICANTES LTDA,"AVENIDA DOM PEDRO I, 2177 LETRA A",Sao Joao Batista,Belo Horizonte,"Av. Pres. Antônio Carlos, 2710 - Cachoeirinha, Belo Horizonte - MG, 31130-191, Brazil",-43.9500675,-19.8884356
POSTO COLIBRI LTDA,"AVENIDA ANTONIO CARLOS, 7585",Pampulha,Belo Horizonte,"Av. Pres. Antônio Carlos, 7826 - Lagoinha, Belo Horizonte - MG, 31210-800, Brazil",-43.9623538,-19.8516229
MINEIRAO POSTO DE SERVICOS LTDA,"AVENIDA PRES ANTONIO CARLOS, 2710",Parque Riachuelo,Belo Horizonte,"Av. Pres. Antônio Carlos, 7400 - Pampulha, Belo Horizonte - MG, 31275-010, Brazil",-43.9595169,-19.8582213
POSTO DE COMBUSTIVEIS VILA COMETA LTDA,"AVENIDA PRESIDENTE ANTONIO CARLOS, 7826",Pampulha,Belo Horizonte,"Av. Pres. Antônio Carlos, 6640 - Pampulha, Belo Horizonte - MG, 31210-800, Brazil",-43.9623713,-19.851881
POSTO POLE POSITION LTDA,"AVENIDA PRESIDENTE ANTONIO CARLOS, 7400",Aeroporto,Belo Horizonte,"Av. Sebastião de Brito, 1037 - Dona Clara, Belo Horizonte - MG, 31260-000, Brazil",-43.9385188,-19.8610365
POSTO TROPICO LTDA,"AVENIDA ANTONIO CARLOS, 6640",Pampulha,Belo Horizonte,"Rua Izabel Bueno, 139 - Jaraguá, Belo Horizonte - MG, 31270-030, Brazil",-43.9507193,-19.8679462
CCC GAS VEICULAR LTDA,"AVENIDA SEBASTIAO DE BRITO, 1037",Dona Clara,Belo Horizonte,"Av. Serrana, 750 - Serrano, Belo Horizonte - MG, 30882-370, Brazil",-44.0118048,-19.8788179
POSTO LUPUS ISABEL BUENO LTDA.,"AVENIDA IZABEL BUENO, 139",Vila Iandaia,Belo Horizonte,,,
POSTO SARAMENHA LTDA,"AVENIDA SERRANA, 750",Serrano,Belo Horizonte,,,
